{
  "controllers": {
    "my_dxl_controller": {
      "sync_read": true,
      "protocol": 2,
      "attached_motors": [
        "base",
        "tip"
      ],
      "port": "/dev/ttyAMA0",
      "syncloop": "LightDxlController"
    }
  },
  "motorgroups": {
    "base": [
      "m1",
      "m2",
      "m3"
    ],
    "tip": [
      "m4",
      "m5",
      "m6"
    ]
  },
  "motors": {
    "m1": {
      "offset": 0.0,
      "type": "XL-320",
      "id": 1,
      "angle_limit": [
        -90.0,
        90.0
      ],
      "orientation": "direct"
    },
    "m2": {
      "offset": 0.0,
      "type": "XL-320",
      "id": 2,
      "angle_limit": [
        -90.0,
        125.0
      ],
      "orientation": "indirect"
    },
    "m3": {
      "offset": 0.0,
      "type": "XL-320",
      "id": 3,
      "angle_limit": [
        -90.0,
        90.0
      ],
      "orientation": "indirect"
    },
    "m4": {
      "offset": 0.0,
      "type": "XL-320",
      "id": 4,
      "angle_limit": [
        -90.0,
        90.0
      ],
      "orientation": "direct"
    },
    "m5": {
      "offset": 0.0,
      "type": "XL-320",
      "id": 5,
      "angle_limit": [
        -90.0,
        90.0
      ],
      "orientation": "indirect"
    },
    "m6": {
      "offset": 0.0,
      "type": "XL-320",
      "id": 6,
      "angle_limit": [
        -90.0,
        90.0
      ],
      "orientation": "indirect"
    }
  },
  "sensors": {
    "camera": {
      "type": "OpenCVCamera",
      "index": -1,
      "fps": 20.0,
      "resolution": [640, 480]
    },
    "marker_detector": {
      "type": "MarkerDetector",
      "cameras": ["camera"],
      "freq": 1.0,
      "need_robot": true
    }
  }
}
